{
 "mdsDat": {
 "x": [ 0.080314,  0.167, -0.048722, -0.024081, -0.17451 ],
"y": [ -0.034588, -0.060362, 0.13389, 0.08367, -0.12261 ],
"topics": [ 1, 2, 3, 4, 5 ],
"Freq": [ 29.045, 22.002, 17.182, 16.963, 14.808 ],
"cluster": [      1,      1,      1,      1,      1 ] 
},
"tinfo": {
 "Term": [ "감사", "많다", "배움", "설명", "재미", "수업", "시험", "소통", "발표", "내용", "학생", "이해", "친절", "쉽다", "교수", "토론", "도움", "인상깊다", "능력", "없다", "열정", "유익", "피드백", "지식", "아쉽다", "준비", "어렵다", "질문", "이야기", "문제", "인상깊다", "내용", "지식", "도움", "어렵다", "이해", "배움", "많다", "준비", "교수", "없다", "발표", "수업", "친절", "열정", "소통", "이야기", "학생", "재미", "과제", "설명", "질문", "성적", "평가", "문제", "아쉽다", "피드백", "능력", "유익", "토론", "토론", "능력", "피드백", "문제", "이야기", "발표", "질문", "준비", "과제", "소통", "도움", "많다", "열정", "친절", "교수", "학생", "수업", "어렵다", "재미", "시험", "성적", "평가", "아쉽다", "유익", "인상깊다", "지식", "쉽다", "설명", "이해", "없다", "시험", "유익", "평가", "재미", "없다", "과제", "소통", "지식", "수업", "질문", "쉽다", "학생", "감사", "배움", "설명", "교수", "성적", "문제", "아쉽다", "이야기", "피드백", "능력", "토론", "인상깊다", "준비", "어렵다", "이해", "열정", "내용", "도움", "아쉽다", "성적", "열정", "감사", "배움", "평가", "없다", "많다", "재미", "수업", "학생", "교수", "유익", "문제", "이야기", "피드백", "과제", "능력", "질문", "토론", "인상깊다", "지식", "준비", "어렵다", "쉽다", "시험", "설명", "이해", "내용", "도움", "설명", "쉽다", "이해", "친절", "감사", "학생", "어렵다", "교수", "유익", "수업", "배움", "내용", "성적", "평가", "문제", "아쉽다", "이야기", "피드백", "과제", "능력", "질문", "토론", "인상깊다", "지식", "준비", "시험", "없다", "열정", "도움", "발표", "감사", "시험", "쉽다", "배움", "감사", "내용", "많다", "친절", "발표", "소통", "친절", "발표", "많다", "소통", "재미" ],
"logprob": [     30,     29,     28,     27,     26,     25,     24,     23,     22,     21,     20,     19,     18,     17,     16,     15,     14,     13,     12,     11,     10,      9,      8,      7,      6,      5,      4,      3,      2,      1, -3.2612, -2.7228, -3.5971, -3.0673, -3.8198, -3.4151, -2.2123, -2.1171, -4.1066, -2.0095, -3.9529, -3.8198, -1.5839, -3.8198, -4.1066, -3.4151, -5.1986, -3.3352, -4.1066, -5.8819, -5.1986, -5.8819, -9.8137, -9.8137, -9.8137, -9.8137, -9.8137, -9.8137, -9.8137, -9.8137, -3.0527, -3.2195, -3.4197, -4.0057, -3.6704, -2.6224, -3.5372, -3.5372, -4.0057, -2.6737, -3.3146, -2.2512, -3.6704, -3.5372, -1.8575, -2.7848, -1.7901, -4.9161, -3.8241, -4.9161, -9.5312, -9.5312, -9.5312, -9.5312, -9.5312, -9.5312, -9.5312, -9.5312, -9.5312, -9.5312, -2.5393, -3.0691, -4.6706, -2.154, -3.0691, -3.9824, -2.4822, -3.9824, -1.083, -4.2684, -4.2684, -2.6643, -3.2918, -3.2918, -4.6706, -2.8072, -9.2857, -9.2857, -9.2857, -9.2857, -9.2857, -9.2857, -9.2857, -9.2857, -9.2857, -9.2857, -9.2857, -9.2857, -9.2857, -9.2857, -3.5646, -5.3399,  -2.96, -2.1808, -1.9578, -5.3399, -3.4109, -2.1008,  -2.96, -1.2322,  -2.96, -2.3142, -5.3399, -9.2717, -9.2717, -9.2717, -9.2717, -9.2717, -9.2717, -9.2717, -9.2717, -9.2717, -9.2717, -9.2717, -9.2717, -9.2717, -9.2717, -9.2717, -9.2717, -9.2717, -2.327, -2.7319, -2.8188, -2.578, -2.0822, -1.8167, -3.6051, -1.5291, -4.5154, -2.0396, -3.8272, -5.1987, -9.1305, -9.1305, -9.1305, -9.1305, -9.1305, -9.1305, -9.1305, -9.1305, -9.1305, -9.1305, -9.1305, -9.1305, -9.1305, -9.1305, -9.1305, -9.1305, -9.1305, -9.1305, -9.8137, -9.8137, -9.8137, -9.5312, -9.5312, -9.5312, -9.2857, -9.2857, -9.2857, -9.2717, -9.2717, -9.2717, -9.1305, -9.1305, -9.1305 ],
"loglift": [     30,     29,     28,     27,     26,     25,     24,     23,     22,     21,     20,     19,     18,     17,     16,     15,     14,     13,     12,     11,     10,      9,      8,      7,      6,      5,      4,      3,      2,      1, 1.2306, 1.1919, 0.8938, 0.7694, 0.5997, 0.5785, 0.5155, 0.4223, 0.3825, 0.0117, 0.0004, -0.021, -0.0844, -0.092, -0.1541, -0.174, -0.2726, -0.658, -0.845, -1.0601, -1.1642, -1.2411, -2.7752, -3.8105, -4.3098, -4.4882, -4.8888, -5.0875, -5.2524, -5.2531, 1.5079, 1.5068, 1.5052, 1.4982, 1.2556, 1.1764, 1.1036, 0.9518, 0.8161, 0.5675, 0.5221, 0.2882, 0.2821, 0.1905, 0.1636, -0.1076, -0.2905, -0.4966, -0.5625, -0.731, -2.4927, -3.528, -4.2056, -4.9699, -5.0394, -5.0402, -5.116, -5.4968, -5.5375, -5.5779, 1.6458, 1.4922, 1.3326, 1.1076, 0.8842, 0.8394,  0.759, 0.5085, 0.4166, 0.3724, 0.1467, 0.0129, -0.1691, -0.564, -0.6362, -0.7861, -2.2472, -3.7818, -3.9602, -4.3597, -4.3608, -4.5595, -4.7251, -4.7939, -4.7966, -4.8662, -5.2921, -5.3332, -5.371, -5.449,  1.761, 1.6986, 0.9925, 0.9418,   0.77, 0.6633, 0.5424, 0.4386, 0.3016, 0.2673, -0.2828, -0.2931, -0.7786, -3.7678, -4.3457, -4.3468, -4.4499, -4.5455, -4.6309, -4.7111, -4.7799, -4.7808, -4.7826, -4.8522, -4.8566, -5.0866, -5.2373, -5.2781, -5.357, -5.435, 1.7074, 1.6832, 1.1748, 1.1497, 1.0405, 0.8605, 0.8144,  0.492, 0.0459, -0.5401, -1.0994, -1.2839, -2.092, -3.1274, -3.6266, -3.805, -4.2046, -4.2056, -4.3087, -4.4043, -4.4897,  -4.57, -4.6387, -4.6396, -4.6415, -4.9454, -5.1772, -5.178, -5.2938, -5.3317, -6.6911, -5.6286, -5.3986, -6.8034, -6.4085, -5.6164, -6.7463, -5.5579, -5.4869, -6.0305, -5.5439, -5.4729, -6.5912, -5.8894, -5.8689 ],
"Freq": [     55,     98,     81,     22,     47,    279,     19,     48,     28,     24,     86,     23,     30,     15,    165,     13,     26,     14,     11,     24,     24,     13,      9,     14,      6,     14,     15,     12,      9,      5, 13.932, 23.868, 9.9568, 16.913, 7.9694, 11.944, 39.767, 43.742,  5.982, 48.711, 6.9757, 7.9694, 74.547, 7.9694,  5.982, 11.944, 2.0073, 12.938,  5.982, 1.0136, 2.0073, 1.0136, 0.019874, 0.019874, 0.019874, 0.019874, 0.019874, 0.019874, 0.019874, 0.019874, 13.001, 11.004, 9.0065, 5.0125, 7.0095,  19.99,  8.008,  8.008, 5.0125, 18.992, 10.005, 28.977, 7.0095,  8.008, 42.956, 16.995, 45.951,  2.017,  6.011,  2.017, 0.01997, 0.01997, 0.01997, 0.01997, 0.01997, 0.01997, 0.01997, 0.01997, 0.01997, 0.01997, 16.964, 9.9871, 2.0134, 24.938, 9.9871, 4.0068, 17.961, 4.0068, 72.781, 3.0101, 3.0101, 14.971, 7.9937, 7.9937, 2.0134, 12.977, 0.019934, 0.019934, 0.019934, 0.019934, 0.019934, 0.019934, 0.019934, 0.019934, 0.019934, 0.019934, 0.019934, 0.019934, 0.019934, 0.019934,  6.007, 1.0178, 10.996, 23.968, 29.955, 1.0178, 7.0048, 25.964, 10.996, 61.886, 10.996, 20.975, 1.0178, 0.019957, 0.019957, 0.019957, 0.019957, 0.019957, 0.019957, 0.019957, 0.019957, 0.019957, 0.019957, 0.019957, 0.019957, 0.019957, 0.019957, 0.019957, 0.019957, 0.019957, 18.077, 12.058, 11.055, 14.064, 23.093, 30.115, 5.0359, 40.147, 2.0264, 24.096, 4.0327, 1.0232, 0.020063, 0.020063, 0.020063, 0.020063, 0.020063, 0.020063, 0.020063, 0.020063, 0.020063, 0.020063, 0.020063, 0.020063, 0.020063, 0.020063, 0.020063, 0.020063, 0.020063, 0.020063, 0.019874, 0.019874, 0.019874, 0.01997, 0.01997, 0.01997, 0.019934, 0.019934, 0.019934, 0.019957, 0.019957, 0.019957, 0.020063, 0.020063, 0.020063 ],